operator,total_demand_kwh,share_percent,total_demand_twh
Afinia / Caribemar,26501629147.02,10.969672618709543,26.50162914702
Air-e,26315425644.239998,10.892598433774639,26.315425644239998
